sentence	sentence_id	locale	reason
De ventilator start al de relatieve luchtvochtigheid boven de vijftig procent stijgt.	a25e7a680520c674d2ac2d17e277104d8a664b9d50790c47bad0a05988a16e0c	nl	grammar-or-spelling
We zitten terug op het zomertijd, maar ik moet de klok nog synchroniseren.	e4473c93a40de770511790f81bf6316d6dfbb693a7abefe8b7ef57d7d34cc09b	nl	grammar-or-spelling
De stroom was in heel de stad was voor een uur uitgevallen.	c844e21852e95fc4522fd37ffb7b175852b0b87fe024031480fb1dba47108c00	nl	grammar-or-spelling
Wie het eerst komt, die het eerst maalt.	cdac95abd9206c5cce892b6d292db59880f2b9eeab938f9f2e9713a46c6d0878	nl	grammar-or-spelling
Mijn collega’s hebben lang gebabbeld aan het koffiemachine.	aaf6ab18355d381e878283338a07d7f11fc3610f84cd136ac339924fe37ffc28	nl	grammar-or-spelling
De ventilator start al de relatieve luchtvochtigheid boven de vijftig procent stijgt.	a25e7a680520c674d2ac2d17e277104d8a664b9d50790c47bad0a05988a16e0c	nl	grammar-or-spelling
En helpende hand is altijd welkom.	956e61d7dff51f796f33ff9284287fde1816f0d3cb6f51ddd9c038ef79aa85c5	nl	grammar-or-spelling
Niemand had de hersenchirurg al ooit gestresseerd gezien.	891870d5d01d70f8ed056057e3a5b41c7053464e08f8397464a45a1ddafb0a62	nl	grammar-or-spelling
In India hebben is Bollywood het equivalent van Hollywood.	b53a2333fc4bf1f4ea32cdca0a1965f88b45185ce99df2ee5d12b58ebc114b55	nl	grammar-or-spelling
Die wegenwerken zijn aangeduid met kegels.	a247efa11d957c9db254f3070dde2c8e184e27c0f5ab1e21cf263b78a2599f12	nl	grammar-or-spelling
De stroom was in heel de stad was voor een uur uitgevallen.	c844e21852e95fc4522fd37ffb7b175852b0b87fe024031480fb1dba47108c00	nl	grammar-or-spelling
Ik woon in duizend Brussel.	d8e9e58a9f2b8c79e857ed5436e6a534847aefbde9652603c1df7a1ba0b22bce	nl	grammar-or-spelling
Dat kader in een lopend onderzoek.	e67353cbfa7e098767c4cfb879a5ea64666f41dcb8048ba8b2192de36b47543e	nl	grammar-or-spelling
Er was een vermoeden was een zware misdaad.	e93ff873c42a004bda5925f1bf4dc05f45176b8988f9be9b988f4784743cb55e	nl	grammar-or-spelling
Haar nieuw montuur was duur.	bfe33c9aab1bd5a9fdec4f234cf917b9d357434f56e66df044f018106c9f0961	nl	grammar-or-spelling
Je moet je antibioticakuur helemaal afmaken want anders bestaat er het gevaar dat je resistente bacteriën ontwikkeld.	d0d4aff7abb3d730b585d1098c2b5a021ea9689796915c794c4951efcb480c43	nl	grammar-or-spelling
Pak maar een plastieken zak.	14441b6983bc81ee8db157ca121ffce043b61d8f288032ce3c572ea93a16919b	nl	Dit is heel Vlaams, een Nederlander zou zoiets nooit zeggen. 
Nijmegen bestond al ten tijden van de Romeinen.	27cab2c9038f015b3691fe56999f5d41b371eed79cfffc2cb6dade8930b8aea2	nl	grammar-or-spelling
De vereniging zoekt naar een nieuw kantoor om zicht te vestigen.	024cda9338a1d8d03f6651e467a92f374e3ca7a353d5814cc7e5c7f61f411638	nl	grammar-or-spelling
Ik ga er nog een nietje in slaan met een nietjesmachine.	23d9e0a0bfa89552a1e3d62e8a9cc4036ce84e6b4f248f482fcfd4d7cb79ebad	nl	grammar-or-spelling
Blijf steeds of de linker rijstrook.	28a3bcdccf01bfaf905ae6d3be21ff7a2047f42c2eaf9545d686728b9d3bc725	nl	grammar-or-spelling
Ik ben aanbevolen om naar een psychiater te gaan vanwege mijn depressie.	01a106b72103999c587db501ea48ebe865bb8311342d49e0d36206cd90545cfc	nl	grammar-or-spelling
Kan je de koordje van de cirkel aanduiden?	04468337d033c5be87b476a9715dd2e41f58fdeff4f35cfad0c8073c356f5f8f	nl	grammar-or-spelling
Als je batterij leeg is dan moet je ze opladen.	1d3258805812bc61ca36a55026e5ecba0845eb51d3c03bb2d47891bb12cf274b	nl	grammar-or-spelling
We willen onze eigen nieuwbouw project realiseren.	2cc8f55d4cc1b97b8f6357027d28c1fd665d2da52ba35f74be1b85a6f2df44d7	nl	grammar-or-spelling
Blijf steeds of de linker rijstrook.	28a3bcdccf01bfaf905ae6d3be21ff7a2047f42c2eaf9545d686728b9d3bc725	nl	grammar-or-spelling
We willen onze eigen nieuwbouw project realiseren.	2cc8f55d4cc1b97b8f6357027d28c1fd665d2da52ba35f74be1b85a6f2df44d7	nl	grammar-or-spelling
Ze wou weer de heldin uithangen.	397d8b89024c92ffe8fb2ed40b1dec2c4c35229d32a8245a0f987806c90bafad	nl	grammar-or-spelling
Mohammed keek ernstig maar Faisal.	46878ecbb4ccdbf00ab1e3d8bca3c98ecd9bc5307ccc234a8b150559149fe3d8	nl	grammar-or-spelling
Blijf steeds of de linker rijstrook.	28a3bcdccf01bfaf905ae6d3be21ff7a2047f42c2eaf9545d686728b9d3bc725	nl	grammar-or-spelling
Kan je de koordje van de cirkel aanduiden?	04468337d033c5be87b476a9715dd2e41f58fdeff4f35cfad0c8073c356f5f8f	nl	grammar-or-spelling
Op zondag is er een politiek debat tussen de voorzitter van CD&V en Vlaams Belang.	378cf4d09c5e9f0b74d38da52258fb9b4e5bd1706234e11fd4d965d552b87d78	nl	grammar-or-spelling
Mohammed keek ernstig maar Faisal.	46878ecbb4ccdbf00ab1e3d8bca3c98ecd9bc5307ccc234a8b150559149fe3d8	nl	grammar-or-spelling
De indianen woonden in wigwams.	5f02af6abf21961283693359211fa923a907c3ef823721b305c3ea937748eec8	nl	offensive-language
Die sok met streepjes vindt ik wel grappig.	37caf3282c29624efcd939b9688018913293c549ad1a319f714f5f64fe61b1dc	nl	grammar-or-spelling
Het etiket irriteert mij mateloos.	3b6a7c583e05ceae6e1ee4bf375a16a9be8fd189c0703c03ca48a6e797561e6b	nl	grammar-or-spelling
Over abortus zijn de meningen verdeelt.	3561d7c30bc9e45786d902a2b301135631dbf9b2b2ba5cbeee9d36041129aa48	nl	grammar-or-spelling
De paters bouwden bier.	18c9a6d584380bfa90aa656b63a5bca939b5935f4f829e983009967be3da879e	nl	grammar-or-spelling
Ze had een hernia overgehouden aan die verhuis.	14477acc46295ff355bcbe2645cf9c1b531f232e352a6540e1daddaef2095565	nl	grammar-or-spelling
Over een uurtje gaan we doorgaan.	6738ba8f3e3eba451c001750bfe426202ef70d4c3cded798aebe8135c5ed8c76	nl	grammar-or-spelling
Zij had prachtige foto's getrokken van de dieren in de dierentuin.	5ff590647f1ced7770522de33e103b08f9568b25a1c7bebd594eb8708c3d3a85	nl	grammar-or-spelling
We willen onze eigen nieuwbouw project realiseren.	2cc8f55d4cc1b97b8f6357027d28c1fd665d2da52ba35f74be1b85a6f2df44d7	nl	grammar-or-spelling
De paters bouwden bier.	18c9a6d584380bfa90aa656b63a5bca939b5935f4f829e983009967be3da879e	nl	grammar-or-spelling
Groenland heeft maar een vijftigduizend inwoners.	684274fb549dc0d2bbe12c7cdca50d04fb19a2ec10720e1a7c348cdacc1b0e6e	nl	grammar-or-spelling
Groenland heeft maar een vijftigduizend inwoners.	684274fb549dc0d2bbe12c7cdca50d04fb19a2ec10720e1a7c348cdacc1b0e6e	nl	grammar-or-spelling
De meeste voertuigen worden ieder jaar op het Autosalon gekocht.	68ac1abf2c9657c86c84dbea32465c44c5eec06bfe0b226cc1a48d8e5d47a5db	nl	grammar-or-spelling
Kan jij dat raadsel oplossen?	1cbf3f5d34045fd2362195ecdc075af7bfb2e604c499c068a2153365838274cc	nl	grammar-or-spelling
Die sok met streepjes vindt ik wel grappig.	37caf3282c29624efcd939b9688018913293c549ad1a319f714f5f64fe61b1dc	nl	grammar-or-spelling
De schoenen maakte deze keer een groot verschil voor de sprinter.	7044edf483e2aa5cd5152df198b9120bdb7678a10e4a180608bad702f1c060c5	nl	grammar-or-spelling
Als je het product wil gebruiken moet de je voorwaarden aanvaarden.	7822f8826336d2d2b4264d64d15d5ed73c136cc07896caf5f9786d891b09004e	nl	grammar-or-spelling
Water van de kraan is goed voor mij.	865af92ff1c282216770fbacdcdee0ec3448554a25a37b95488ddf6899498ee4	nl	grammar-or-spelling
Gelukkig hebben we de tijd van het kolonialisme achter ons gelaten.	157460d491809ca586172c67b52fb2761e231656ffa29258a1d7a3133c6f56ce	nl	offensive-language
Het moet niet gemakkelijk zijn om te leven in de koninklijke familie.	85dbde9504caac1dd319aae45278cd5c142ec863af61052d29e1dd89aa4eafd8	nl	grammar-or-spelling
Voor je met die roestige nagels werkt kijk je even na of je bent ingeënt tegen tetanus.	88040d20579ae83d6d2827be33795a7ac913204b7ef6dcb2f213c6f1f5340ba5	nl	grammar-or-spelling
De Beatles beleefden hun hoogdagen voor de jaren zeventig.	940c39b57b38d72096bd24b31ff35d7c82716d084314137c49a490801fe74950	nl	grammar-or-spelling
De Beatles beleefden hun hoogdagen voor de jaren zeventig.	940c39b57b38d72096bd24b31ff35d7c82716d084314137c49a490801fe74950	nl	different-language
Je kan blikjes kopen in de automaat in het cafetaria.	98236ad2efb514971d6232262d696a591c6ca806dd4a0c56256f7a1b40d9e500	nl	grammar-or-spelling
Hij sipte van het flesje limonade.	3d67fa28c66daa3c0f615a4544491cf3ee2d8191b2264bb126d4f2388e054a55	nl	grammar-or-spelling
Je slaat de nagel op de kop.	430479fdf9a21b1a68c5c1a644c26a7e73196b9fecc012227c795b93131102d4	nl	grammar-or-spelling
Je slaat de nagel op de kop.	430479fdf9a21b1a68c5c1a644c26a7e73196b9fecc012227c795b93131102d4	nl	different-language
Hij heeft al vaak accidenten gehad, maar enkel met blikschade.	4251b22b755b51e3af9cdd8b7069b9024e6859447167258852b1e18000c074f0	nl	grammar-or-spelling
Hij heeft al vaak accidenten gehad, maar enkel met blikschade.	4251b22b755b51e3af9cdd8b7069b9024e6859447167258852b1e18000c074f0	nl	different-language
Hij sipte van het flesje limonade.	3d67fa28c66daa3c0f615a4544491cf3ee2d8191b2264bb126d4f2388e054a55	nl	grammar-or-spelling
Hij sipte van het flesje limonade.	3d67fa28c66daa3c0f615a4544491cf3ee2d8191b2264bb126d4f2388e054a55	nl	different-language
Hij sipte van het flesje limonade.	3d67fa28c66daa3c0f615a4544491cf3ee2d8191b2264bb126d4f2388e054a55	nl	Niet bestaand woord
Aalst staat bekent om de viering van carnaval.	85083438832ad38a23d5adf3d0e8db5881c126a04799d2ebe1f9805e7cf11191	nl	grammar-or-spelling
Het serie op televisie kreeg goede recensies.	4faa8a151b0b727ffe29e5f886fea83c7592d01eee2aef1f8003a52bebb6d861	nl	grammar-or-spelling
De ventilator start al de relatieve luchtvochtigheid boven de vijftig procent stijgt.	a25e7a680520c674d2ac2d17e277104d8a664b9d50790c47bad0a05988a16e0c	nl	grammar-or-spelling
Mijn collega’s hebben lang gebabbeld aan het koffiemachine.	aaf6ab18355d381e878283338a07d7f11fc3610f84cd136ac339924fe37ffc28	nl	grammar-or-spelling
De ventilator start al de relatieve luchtvochtigheid boven de vijftig procent stijgt.	a25e7a680520c674d2ac2d17e277104d8a664b9d50790c47bad0a05988a16e0c	nl	grammar-or-spelling
Aalst staat bekent om de viering van carnaval.	85083438832ad38a23d5adf3d0e8db5881c126a04799d2ebe1f9805e7cf11191	nl	grammar-or-spelling
Ze had hem niet herkent in de donkere zaal.	b6408eaf157fec26e093f17ead658a34c92e11484ee416c06507ec7186be208b	nl	grammar-or-spelling
Als je voor twaalf uur besteld brengen ze het de volgende dag.	b9bcbb22e275c4c81e76795e7ea8d9e6ada36f76ec837af92ee38414cdf7d1ea	nl	grammar-or-spelling
Ze had hem niet herkent in de donkere zaal.	b6408eaf157fec26e093f17ead658a34c92e11484ee416c06507ec7186be208b	nl	grammar-or-spelling
Voor Spanje is Gibraltar een doorn in hun oog.	8c0b0cf5bf8d85cdd00e9b13aec0383329595835288272361ab733297cb0d916	nl	grammar-or-spelling
De fietser dronk de drinkbus leeg in een laatste teug.	cb8c153dc49960364d24012b4a4bf9387053b6c338c9eaaa53aa220951b97616	nl	different-language
De fietser dronk de drinkbus leeg in een laatste teug.	cb8c153dc49960364d24012b4a4bf9387053b6c338c9eaaa53aa220951b97616	nl	grammar-or-spelling
De stroompanne duurde bijna twee uur.	a895ee059ddbfd7fa595c9acee67d131ecaff75d33c56e6913c83c061bd557e5	nl	different-language
De ventilator start al de relatieve luchtvochtigheid boven de vijftig procent stijgt.	a25e7a680520c674d2ac2d17e277104d8a664b9d50790c47bad0a05988a16e0c	nl	grammar-or-spelling
Ze had hem niet herkent in de donkere zaal.	b6408eaf157fec26e093f17ead658a34c92e11484ee416c06507ec7186be208b	nl	grammar-or-spelling
De ventilator start al de relatieve luchtvochtigheid boven de vijftig procent stijgt.	a25e7a680520c674d2ac2d17e277104d8a664b9d50790c47bad0a05988a16e0c	nl	grammar-or-spelling
Het serie op televisie kreeg goede recensies.	4faa8a151b0b727ffe29e5f886fea83c7592d01eee2aef1f8003a52bebb6d861	nl	grammar-or-spelling
Het is wel zo dat woorden die in de data zitten beter herkent worden.	dc13b452d29626bfdc8cc110c33a48ad99bccaf35f8403d1e409d16c804aa88c	nl	grammar-or-spelling
De sleutel zat verpakt in een plastieken verpakking.	a29e62a9ae7d441c36816142b14f1a80fbe7fc1d1761ee9b93b2b718567cfabc	nl	grammar-or-spelling
Er komt pus uit de wonde.	ae76a4abbe3640a56186fb2b4e7b193815827f40af01850ccd68543675e411c3	nl	grammar-or-spelling
Je kan blikjes kopen in de automaat in het cafetaria.	98236ad2efb514971d6232262d696a591c6ca806dd4a0c56256f7a1b40d9e500	nl	grammar-or-spelling
Ligt de zaklamp in een schuif in de keuken of in de kast in de slaapkamer?	6d58a59875c65de38d096804f758463f3410bf5a5b54923330058572367393be	nl	grammar-or-spelling
Geen zorgen, ik heb een plooifiets bij.	ba0aca098cfe97b64e935bb3f040ff4b860b7971c8982d17f1582da1f7cd02a4	nl	grammar-or-spelling
De fietser dronk de drinkbus leeg in een laatste teug.	cb8c153dc49960364d24012b4a4bf9387053b6c338c9eaaa53aa220951b97616	nl	grammar-or-spelling
Geen zorgen, ik heb een plooifiets bij.	ba0aca098cfe97b64e935bb3f040ff4b860b7971c8982d17f1582da1f7cd02a4	nl	grammar-or-spelling
Het serie op televisie kreeg goede recensies.	4faa8a151b0b727ffe29e5f886fea83c7592d01eee2aef1f8003a52bebb6d861	nl	grammar-or-spelling
Je moet je antibioticakuur helemaal afmaken want anders bestaat er het gevaar dat je resistente bacteriën ontwikkeld.	d0d4aff7abb3d730b585d1098c2b5a021ea9689796915c794c4951efcb480c43	nl	grammar-or-spelling
De ventilator start al de relatieve luchtvochtigheid boven de vijftig procent stijgt.	a25e7a680520c674d2ac2d17e277104d8a664b9d50790c47bad0a05988a16e0c	nl	grammar-or-spelling
Moet hoeveel zijn jullie?	e7a20b37f75b565189370b1a8d414ee05dd9848f5b2bd9dfcf3a8fcc3825708b	nl	grammar-or-spelling
We zitten terug op het zomertijd, maar ik moet de klok nog synchroniseren.	e4473c93a40de770511790f81bf6316d6dfbb693a7abefe8b7ef57d7d34cc09b	nl	grammar-or-spelling
Dat kader in een lopend onderzoek.	e67353cbfa7e098767c4cfb879a5ea64666f41dcb8048ba8b2192de36b47543e	nl	grammar-or-spelling
Er was een vermoeden was een zware misdaad.	e93ff873c42a004bda5925f1bf4dc05f45176b8988f9be9b988f4784743cb55e	nl	grammar-or-spelling
Moet hoeveel zijn jullie?	e7a20b37f75b565189370b1a8d414ee05dd9848f5b2bd9dfcf3a8fcc3825708b	nl	grammar-or-spelling
We zitten terug op het zomertijd, maar ik moet de klok nog synchroniseren.	e4473c93a40de770511790f81bf6316d6dfbb693a7abefe8b7ef57d7d34cc09b	nl	grammar-or-spelling
Dat kader in een lopend onderzoek.	e67353cbfa7e098767c4cfb879a5ea64666f41dcb8048ba8b2192de36b47543e	nl	grammar-or-spelling
We zitten terug op het zomertijd, maar ik moet de klok nog synchroniseren.	e4473c93a40de770511790f81bf6316d6dfbb693a7abefe8b7ef57d7d34cc09b	nl	grammar-or-spelling
Je kan de gemorste cola opruimen met keukenrol.	e9711455e969b3b28596ef983e7195434f32ebf6bc3b3dbf6376fba96e4c274e	nl	grammar-or-spelling
Dat kader in een lopend onderzoek.	e67353cbfa7e098767c4cfb879a5ea64666f41dcb8048ba8b2192de36b47543e	nl	grammar-or-spelling
Btw is de afkorting voor belasting op toevoegde waarde.	f1fa730fc917f8de8b4c0a839d05e35da6524276195d976649cef4a589d82aed	nl	grammar-or-spelling
Met knikkende knieën begaf hij zich maar het kantoor van de directrice.	12d1a80339be70396d322747767988276574aa37eea5621fdaa8f8b04e708d45	nl	grammar-or-spelling
De ventilator start al de relatieve luchtvochtigheid boven de vijftig procent stijgt.	a25e7a680520c674d2ac2d17e277104d8a664b9d50790c47bad0a05988a16e0c	nl	grammar-or-spelling
De stroom was in heel de stad was voor een uur uitgevallen.	c844e21852e95fc4522fd37ffb7b175852b0b87fe024031480fb1dba47108c00	nl	difficult-pronounce
Er stak een nagel uit aan de stoel en nu zat er een groot gapend gat in mijn broek.	f9704155a468044fd7d278f8ccef83923a079f5e49f23027da26522d9d371d2d	nl	grammar-or-spelling
Ze hebben een groot canvas opgehangen in hun living.	c050bbc4b11198e0169e4f785e36392a5a73fbd0c1208db90874898975ed00f3	nl	different-language
Er staat een paginanummer onderaan de pagina.	4ecefbc6bdba1993489545f2eb6c650888ad4e906c433a2a3b6bdf6c34ef74a8	nl	offensive-language
De getuige verteld uitgebreid over de misdaad tegenover de rechter.	8afd850f323e45fa54cc1b221573a1f3988db41a823b8f639f849126f6903660	nl	grammar-or-spelling
Over een uurtje gaan we doorgaan.	6738ba8f3e3eba451c001750bfe426202ef70d4c3cded798aebe8135c5ed8c76	nl	grammar-or-spelling
De prijs van zonnepanelen zijn de afgelopen jaren enorm gedaald.	767b04f14728a8dfda670c01e67fe0e57bdd3131b545ba4ec1894ce21abd4cfc	nl	grammar-or-spelling
Ik heb wel graag een glaasje pastis.	8cba4aa1c6fbf62743dabe9e7551367e147953a3d478f43437d5e06bc84e502a	nl	difficult-pronounce
De prijs van zonnepanelen zijn de afgelopen jaren enorm gedaald.	767b04f14728a8dfda670c01e67fe0e57bdd3131b545ba4ec1894ce21abd4cfc	nl	grammar-or-spelling
Een bekend ezelsbruggetje om de volgorde van de acht planeten te onthouden is: "Maak van acht meter Japanse stof uw nachthemd" waarbij de eerste letters overeenkomen met de eerste letters van de planeten.	a12c2e98cf07fa3777d3950fc45b14af393e8eda5c6c21d66768d7685ebe0e52	nl	Te lang
Een bekend ezelsbruggetje om de volgorde van de acht planeten te onthouden is: "Maak van acht meter Japanse stof uw nachthemd" waarbij de eerste letters overeenkomen met de eerste letters van de planeten.	a12c2e98cf07fa3777d3950fc45b14af393e8eda5c6c21d66768d7685ebe0e52	nl	Te lang
De wedstrijd startte vanop de stip.	958ccda968e41b67939ce452c8504f4028255acf6b77e914996133ff1281e6a7	nl	grammar-or-spelling
Roodkapje had schrik van de wolf.	e94af8a92e2ceb104a081bab02f215616032b6f4c7c101e3260df0b81db4bed9	nl	different-language
Roodkapje had schrik van de wolf.	e94af8a92e2ceb104a081bab02f215616032b6f4c7c101e3260df0b81db4bed9	nl	grammar-or-spelling
Een bekend ezelsbruggetje om de volgorde van de acht planeten te onthouden is: "Maak van acht meter Japanse stof uw nachthemd" waarbij de eerste letters overeenkomen met de eerste letters van de planeten.	a12c2e98cf07fa3777d3950fc45b14af393e8eda5c6c21d66768d7685ebe0e52	nl	Te lang, too long
De bus vertrekt stip om zestien over drie.	f8038e858929203b764a456c86a9ca47b720848ab587dfbf7e298e6b9e67710d	nl	grammar-or-spelling
Als je voor twaalf uur besteld brengen ze het de volgende dag.	b9bcbb22e275c4c81e76795e7ea8d9e6ada36f76ec837af92ee38414cdf7d1ea	nl	grammar-or-spelling
We beschikken over veel te weinig statistische gegevens om een en ander kunnen staven.	00869495417ac63a93708527c5a0fc68877c9f16a46fa3fdcfee407637d938e4	nl	grammar-or-spelling
Programma's met eenvoudiger regels zullen ook transparanter en doeltreffender zijn.	00d95d1c3366d99f1da8cfa51806716e01503713c29eff3dc1842eb474d71d98	nl	grammar-or-spelling
Programma's met eenvoudiger regels zullen ook transparanter en doeltreffender zijn.	00d95d1c3366d99f1da8cfa51806716e01503713c29eff3dc1842eb474d71d98	nl	grammar-or-spelling
Collega=s, wij kunnen dit niet over onze kant laten gaan.	0357a7c15b2a728f9bc2d8ce667451d3c08d23cf43ca88accc7ac948b321630d	nl	grammar-or-spelling
Wij weten dat wij hier te maken met twee strafbare feiten van verschillende aard.	038177da6a10e5cead591ce0b38e3d0bde0121a6ffee4366fdf7c57c2548316f	nl	grammar-or-spelling
Collega=s, wij kunnen dit niet over onze kant laten gaan.	0357a7c15b2a728f9bc2d8ce667451d3c08d23cf43ca88accc7ac948b321630d	nl	grammar-or-spelling
Ziehier de redenen waarom we tegen hebben gestemd.	036b3ded16cc959d36966a1e2a7ab1e11fd4318dd1a84c43f8b42c4566d722ff	nl	grammar-or-spelling
Ziehier de redenen waarom we tegen hebben gestemd.	036b3ded16cc959d36966a1e2a7ab1e11fd4318dd1a84c43f8b42c4566d722ff	nl	grammar-or-spelling
We hebben dus een rechtvaardiger belastingstelsel nodig, want is het niet voldoende te harmoniseren.	03f1034bcb7bb726154a2c8cc0d1e22f857affd7735e5624b9aa327552a47c29	nl	grammar-or-spelling
Buitenlanders uit derde landen verrichten meestal de zwaarste en slechtst betaalde banen.	041492ce98bfa84f867558be6e892c07d7dce881b9b4946fb41710a146bf9174	nl	grammar-or-spelling
De laatste reeks maatregelen was het onlangs goedgekeurde energiepakket.	03979148ef63c04d439413f63dd3cad1875bcc06fd39d8d1173deed9792fbe72	nl	grammar-or-spelling
We kunnen zo het verslag evenwicht maken en komen tot een sterkere ontwikkelingsdimensie.	049c7f0bfd8283aaa6c2cb23ecbcedb17e1f4daac55fa908232f1731cc0c5b66	nl	grammar-or-spelling
Ik verwijs bijvoorbeeld naar de richtsnoeren op het gebied van de werkgelegenheid.	05117bc7eea16e6f2590ddac23c25e6a56297f0e2b687de662f4cbffae38b0a2	nl	grammar-or-spelling
Wij vinden het echter belangrijk te preciseren wat met dierenwelzijn en milieu wordt bedoeld.	04fb951a9cf1fab31e9d76a7cd59ce690cd8408774e9bca908a7494df50f85de	nl	grammar-or-spelling
Het is dus zaak om serieus aandacht te besteden aan het onderhavige vraagstuk.	05efda7c381c7455cf4b81ef8768f61c99b57aed5b97719362b564e979404b14	nl	grammar-or-spelling
Die was namelijk flink gedaald als gevolg van de crisis ronde de gekkekoeienziekte.	063fd0f034f1382d8a1d8f80264184f4621804b00803c0934aba42758f302b61	nl	grammar-or-spelling
Ook over de zijn wij tot overeenstemming gekomen.	054cdcaeacaa2556d3265a920b8eab35a060baca931bf81cecd2743212141b39	nl	grammar-or-spelling
Ook over de zijn wij tot overeenstemming gekomen.	054cdcaeacaa2556d3265a920b8eab35a060baca931bf81cecd2743212141b39	nl	grammar-or-spelling
Burgers hebben zelden een bankrekening in euro en verrichten nauwelijks betalingen in euro.	06e2e91273a8cffa891714a144963c8e545c7cf90db046fc906ccd1b83b2cc37	nl	grammar-or-spelling
Een en ander moet stroken met de voor alle andere inkomsten geldende financiële regels.	06c458507d0e198a7a75e9ffb93dd39ebcc6dbff434c5430e67a94dbdc154639	nl	grammar-or-spelling
Die was namelijk flink gedaald als gevolg van de crisis ronde de gekkekoeienziekte.	063fd0f034f1382d8a1d8f80264184f4621804b00803c0934aba42758f302b61	nl	grammar-or-spelling
Ik attendeer u erop dat de vragen nrs.	072ac63f1367222b444426ca772ccd546c403f66db5dfadd34f96dff569b4154	nl	nrs. is not the ending of a sentence and not a widely used abbreviation
Maar laat we het onderwerp eens nader bekijken.	07303926ecb9a668d54d191b84464db5e32bbd23b17a1d68416286a50f7c02eb	nl	grammar-or-spelling
Hier is een snelle en efficiënte wijziging van de wetgeving vereist.	07138e77709d2dc01d797adcfda1071212e7ac1a8cd21623a4817a93fff99b46	nl	grammar-or-spelling
Dit betekent reële kilometers wegdek, evenals gemoderniseerde spoorwegen en luchthavens.	0724eadaba1867535af5e40b053a1a3f80b383367994b0d47ce15ab7a38d76bd	nl	grammar-or-spelling
Ik attendeer u erop dat de vragen nrs.	072ac63f1367222b444426ca772ccd546c403f66db5dfadd34f96dff569b4154	nl	NRS is algemene betekenis
Het verslag effent de weg naar het vastgelegde doel.	071f01dcc0e874b7e390d07ebd0f95868443a2386023feab50e22d1360135d86	nl	grammar-or-spelling
Ik geloof niet dar er een reden is om deze autoriteiten verwijten te maken.	081403c7079761333855e09bcb8b89653daa5c1372e6c5df2815de25d27300f2	nl	grammar-or-spelling
Probeer niet de rennen voordat je kunt lopen.	07ad10fa43eae22970ef44785ffbf1c1b938cd750477ba60b2e6f2048ef99101	nl	grammar-or-spelling
Hiermee is de stemming is beëindigd.	083ec193578b05fcc588334e794058c445300a974638c53fb9e748d2b8a6f902	nl	grammar-or-spelling
Probeer niet de rennen voordat je kunt lopen.	07ad10fa43eae22970ef44785ffbf1c1b938cd750477ba60b2e6f2048ef99101	nl	grammar-or-spelling
Als die achteruitboeren of stilvallen, dan ondergraven het hele spel zelf.	0970f14853b814c938ffb037047311e440c3bffa52e037f6196526fa7dde83fb	nl	grammar-or-spelling
Ik geloof niet dar er een reden is om deze autoriteiten verwijten te maken.	081403c7079761333855e09bcb8b89653daa5c1372e6c5df2815de25d27300f2	nl	grammar-or-spelling
Als die achteruitboeren of stilvallen, dan ondergraven het hele spel zelf.	0970f14853b814c938ffb037047311e440c3bffa52e037f6196526fa7dde83fb	nl	grammar-or-spelling
Als die achteruitboeren of stilvallen, dan ondergraven het hele spel zelf.	0970f14853b814c938ffb037047311e440c3bffa52e037f6196526fa7dde83fb	nl	grammar-or-spelling
Voorts moeten er kwantitatieve normen, blootstelling aan risico, worden gesteld.	0a0c5e2038eda1877efd0a6f7e4699af51482e3eef1d545a2b6ef6a90d95e65a	nl	difficult-pronounce
Als die achteruitboeren of stilvallen, dan ondergraven het hele spel zelf.	0970f14853b814c938ffb037047311e440c3bffa52e037f6196526fa7dde83fb	nl	grammar-or-spelling
Ik geloof niet dar er een reden is om deze autoriteiten verwijten te maken.	081403c7079761333855e09bcb8b89653daa5c1372e6c5df2815de25d27300f2	nl	grammar-or-spelling
Daardoor blijft er een zwart gat bestaan waarin verdwijnen.	0a1965e4c46b75a074cff4909463ffdf4a2e0cf5b428436cf79a4c71e50e8eec	nl	grammar-or-spelling
Ik geloof niet dar er een reden is om deze autoriteiten verwijten te maken.	081403c7079761333855e09bcb8b89653daa5c1372e6c5df2815de25d27300f2	nl	grammar-or-spelling
Als die achteruitboeren of stilvallen, dan ondergraven het hele spel zelf.	0970f14853b814c938ffb037047311e440c3bffa52e037f6196526fa7dde83fb	nl	grammar-or-spelling
Via de ben ik er vervolgens achter gekomen dat het voor februari geagendeerd is.	067b5f0a3f73b43473c96b6c29e2a6eb87d1902d00b072583a0b14f8214fb2bb	nl	grammar-or-spelling
Daardoor blijft er een zwart gat bestaan waarin verdwijnen.	0a1965e4c46b75a074cff4909463ffdf4a2e0cf5b428436cf79a4c71e50e8eec	nl	grammar-or-spelling
Ik geloof niet dar er een reden is om deze autoriteiten verwijten te maken.	081403c7079761333855e09bcb8b89653daa5c1372e6c5df2815de25d27300f2	nl	grammar-or-spelling
Er zijn nog twee zetels van quaestoren vacant.	0a295742c80aa2130d121db137a108a08b09fb5446908536d507e2731e4489d2	nl	difficult-pronounce
Er zijn nog twee zetels van quaestoren vacant.	0a295742c80aa2130d121db137a108a08b09fb5446908536d507e2731e4489d2	nl	difficult-pronounce
Via de ben ik er vervolgens achter gekomen dat het voor februari geagendeerd is.	067b5f0a3f73b43473c96b6c29e2a6eb87d1902d00b072583a0b14f8214fb2bb	nl	grammar-or-spelling
Als die achteruitboeren of stilvallen, dan ondergraven het hele spel zelf.	0970f14853b814c938ffb037047311e440c3bffa52e037f6196526fa7dde83fb	nl	grammar-or-spelling
Als die achteruitboeren of stilvallen, dan ondergraven het hele spel zelf.	0970f14853b814c938ffb037047311e440c3bffa52e037f6196526fa7dde83fb	nl	grammar-or-spelling
Als die achteruitboeren of stilvallen, dan ondergraven het hele spel zelf.	0970f14853b814c938ffb037047311e440c3bffa52e037f6196526fa7dde83fb	nl	grammar-or-spelling
Via de ben ik er vervolgens achter gekomen dat het voor februari geagendeerd is.	067b5f0a3f73b43473c96b6c29e2a6eb87d1902d00b072583a0b14f8214fb2bb	nl	grammar-or-spelling
Via de ben ik er vervolgens achter gekomen dat het voor februari geagendeerd is.	067b5f0a3f73b43473c96b6c29e2a6eb87d1902d00b072583a0b14f8214fb2bb	nl	grammar-or-spelling
Via de ben ik er vervolgens achter gekomen dat het voor februari geagendeerd is.	067b5f0a3f73b43473c96b6c29e2a6eb87d1902d00b072583a0b14f8214fb2bb	nl	grammar-or-spelling
Via de ben ik er vervolgens achter gekomen dat het voor februari geagendeerd is.	067b5f0a3f73b43473c96b6c29e2a6eb87d1902d00b072583a0b14f8214fb2bb	nl	grammar-or-spelling
Als die achteruitboeren of stilvallen, dan ondergraven het hele spel zelf.	0970f14853b814c938ffb037047311e440c3bffa52e037f6196526fa7dde83fb	nl	grammar-or-spelling
Via de ben ik er vervolgens achter gekomen dat het voor februari geagendeerd is.	067b5f0a3f73b43473c96b6c29e2a6eb87d1902d00b072583a0b14f8214fb2bb	nl	grammar-or-spelling
Via de ben ik er vervolgens achter gekomen dat het voor februari geagendeerd is.	067b5f0a3f73b43473c96b6c29e2a6eb87d1902d00b072583a0b14f8214fb2bb	nl	grammar-or-spelling
Via de ben ik er vervolgens achter gekomen dat het voor februari geagendeerd is.	067b5f0a3f73b43473c96b6c29e2a6eb87d1902d00b072583a0b14f8214fb2bb	nl	grammar-or-spelling
De voedingsmiddelenmultinationals daarentegen kunnen zich in de handen wrijven.	0d209eb5f41819b3b094759c765416dabfb2c77961fb28625538a5dc8dbca6fc	nl	grammar-or-spelling
Ik voor mij hoop daar voor mijn fractie met bezieling aan mee te doen.	0d314681740780b3a9a36a023b2a52ad0a6d6498f16908c4a4b622c0ea734a70	nl	grammar-or-spelling
Ik voor mij hoop daar voor mijn fractie met bezieling aan mee te doen.	0d314681740780b3a9a36a023b2a52ad0a6d6498f16908c4a4b622c0ea734a70	nl	grammar-or-spelling
Integendeel, het is al enkel jaren aan de orde.	0e467b6dc9ca3e06c5d5beca1adfc0b163d7cce61364e30899cf9066acc56360	nl	grammar-or-spelling
Ik denk dat het artikel in de dicht bij de waarheid komt.	0e4c55057094e712397d573ab7bae1b96cdcf7d3e91a1718b0b17e625e3940d1	nl	grammar-or-spelling
Drie jaar laten is hun nog steeds geen recht gedaan.	0e70118ee1de8aa2f0e3d418c8da229247a834fdb4b65c54792e255fd1f7c442	nl	grammar-or-spelling
Ik denk dat het artikel in de dicht bij de waarheid komt.	0e4c55057094e712397d573ab7bae1b96cdcf7d3e91a1718b0b17e625e3940d1	nl	grammar-or-spelling
Via de ben ik er vervolgens achter gekomen dat het voor februari geagendeerd is.	067b5f0a3f73b43473c96b6c29e2a6eb87d1902d00b072583a0b14f8214fb2bb	nl	grammar-or-spelling
Via de ben ik er vervolgens achter gekomen dat het voor februari geagendeerd is.	067b5f0a3f73b43473c96b6c29e2a6eb87d1902d00b072583a0b14f8214fb2bb	nl	grammar-or-spelling
Alle democraten zouden on zijn onmiddellijke, onvoorwaardelijke vrijlating moeten vragen.	0ed3549bac53c276966c35cb6138ab79b73eb163486403abd42eb425b9a20672	nl	grammar-or-spelling
Alle democraten zouden on zijn onmiddellijke, onvoorwaardelijke vrijlating moeten vragen.	0ed3549bac53c276966c35cb6138ab79b73eb163486403abd42eb425b9a20672	nl	grammar-or-spelling
Ik voor mij hoop daar voor mijn fractie met bezieling aan mee te doen.	0d314681740780b3a9a36a023b2a52ad0a6d6498f16908c4a4b622c0ea734a70	nl	grammar-or-spelling
Ik voor mij hoop daar voor mijn fractie met bezieling aan mee te doen.	0d314681740780b3a9a36a023b2a52ad0a6d6498f16908c4a4b622c0ea734a70	nl	grammar-or-spelling
Ik voor mij hoop daar voor mijn fractie met bezieling aan mee te doen.	0d314681740780b3a9a36a023b2a52ad0a6d6498f16908c4a4b622c0ea734a70	nl	grammar-or-spelling
Via de ben ik er vervolgens achter gekomen dat het voor februari geagendeerd is.	067b5f0a3f73b43473c96b6c29e2a6eb87d1902d00b072583a0b14f8214fb2bb	nl	grammar-or-spelling
Via de ben ik er vervolgens achter gekomen dat het voor februari geagendeerd is.	067b5f0a3f73b43473c96b6c29e2a6eb87d1902d00b072583a0b14f8214fb2bb	nl	grammar-or-spelling
Ik denk dat het artikel in de dicht bij de waarheid komt.	0e4c55057094e712397d573ab7bae1b96cdcf7d3e91a1718b0b17e625e3940d1	nl	grammar-or-spelling
Via de ben ik er vervolgens achter gekomen dat het voor februari geagendeerd is.	067b5f0a3f73b43473c96b6c29e2a6eb87d1902d00b072583a0b14f8214fb2bb	nl	grammar-or-spelling
Dit systeem is niet aan de buitenwereld te uit te leggen.	103f830231b27b948aef07a160f74f7043b35a310f7b4474bedc14e6a9a25d5d	nl	grammar-or-spelling
Dit systeem is niet aan de buitenwereld te uit te leggen.	103f830231b27b948aef07a160f74f7043b35a310f7b4474bedc14e6a9a25d5d	nl	grammar-or-spelling
Alle democraten zouden on zijn onmiddellijke, onvoorwaardelijke vrijlating moeten vragen.	0ed3549bac53c276966c35cb6138ab79b73eb163486403abd42eb425b9a20672	nl	grammar-or-spelling
Het dus mogelijk in de eerste lezing tot een conclusie te geraken.	10b5cfee540b5aa2d5714e48c9521e3d75868599130892955b02804caa0027eb	nl	grammar-or-spelling
Hoe velen onder hen zouden schadevergoeding kunnen vragen wegens de vertragingen in de procedure?	108b7e772b05ae0badebab9618cddad69c741abe703f61a7a491688cb650535b	nl	grammar-or-spelling
Dit systeem is niet aan de buitenwereld te uit te leggen.	103f830231b27b948aef07a160f74f7043b35a310f7b4474bedc14e6a9a25d5d	nl	grammar-or-spelling
Dit systeem is niet aan de buitenwereld te uit te leggen.	103f830231b27b948aef07a160f74f7043b35a310f7b4474bedc14e6a9a25d5d	nl	grammar-or-spelling
Alle democraten zouden on zijn onmiddellijke, onvoorwaardelijke vrijlating moeten vragen.	0ed3549bac53c276966c35cb6138ab79b73eb163486403abd42eb425b9a20672	nl	grammar-or-spelling
Dit systeem is niet aan de buitenwereld te uit te leggen.	103f830231b27b948aef07a160f74f7043b35a310f7b4474bedc14e6a9a25d5d	nl	grammar-or-spelling
Dit rapporteerde mij ook mijn directeur.	1071b8c9d89b2ff421821664a6780be361816d82399edc63df2965ac51a36114	nl	grammar-or-spelling
Hoe velen onder hen zouden schadevergoeding kunnen vragen wegens de vertragingen in de procedure?	108b7e772b05ae0badebab9618cddad69c741abe703f61a7a491688cb650535b	nl	grammar-or-spelling
Dit systeem is niet aan de buitenwereld te uit te leggen.	103f830231b27b948aef07a160f74f7043b35a310f7b4474bedc14e6a9a25d5d	nl	grammar-or-spelling
Alle democraten zouden on zijn onmiddellijke, onvoorwaardelijke vrijlating moeten vragen.	0ed3549bac53c276966c35cb6138ab79b73eb163486403abd42eb425b9a20672	nl	grammar-or-spelling
Alle democraten zouden on zijn onmiddellijke, onvoorwaardelijke vrijlating moeten vragen.	0ed3549bac53c276966c35cb6138ab79b73eb163486403abd42eb425b9a20672	nl	grammar-or-spelling
Via de ben ik er vervolgens achter gekomen dat het voor februari geagendeerd is.	067b5f0a3f73b43473c96b6c29e2a6eb87d1902d00b072583a0b14f8214fb2bb	nl	grammar-or-spelling
Dit systeem is niet aan de buitenwereld te uit te leggen.	103f830231b27b948aef07a160f74f7043b35a310f7b4474bedc14e6a9a25d5d	nl	grammar-or-spelling
Alle democraten zouden on zijn onmiddellijke, onvoorwaardelijke vrijlating moeten vragen.	0ed3549bac53c276966c35cb6138ab79b73eb163486403abd42eb425b9a20672	nl	grammar-or-spelling
Alle democraten zouden on zijn onmiddellijke, onvoorwaardelijke vrijlating moeten vragen.	0ed3549bac53c276966c35cb6138ab79b73eb163486403abd42eb425b9a20672	nl	grammar-or-spelling
Deze mensen hebben meer nodig dan" words.	084c7adcecf7d5a2a7972e14b3ad6e2438bc7c344d04c1a3767639e929aebc03	nl	grammar-or-spelling
Alle democraten zouden on zijn onmiddellijke, onvoorwaardelijke vrijlating moeten vragen.	0ed3549bac53c276966c35cb6138ab79b73eb163486403abd42eb425b9a20672	nl	grammar-or-spelling
Alle democraten zouden on zijn onmiddellijke, onvoorwaardelijke vrijlating moeten vragen.	0ed3549bac53c276966c35cb6138ab79b73eb163486403abd42eb425b9a20672	nl	grammar-or-spelling
Via de ben ik er vervolgens achter gekomen dat het voor februari geagendeerd is.	067b5f0a3f73b43473c96b6c29e2a6eb87d1902d00b072583a0b14f8214fb2bb	nl	grammar-or-spelling
Alle democraten zouden on zijn onmiddellijke, onvoorwaardelijke vrijlating moeten vragen.	0ed3549bac53c276966c35cb6138ab79b73eb163486403abd42eb425b9a20672	nl	grammar-or-spelling
Via de ben ik er vervolgens achter gekomen dat het voor februari geagendeerd is.	067b5f0a3f73b43473c96b6c29e2a6eb87d1902d00b072583a0b14f8214fb2bb	nl	grammar-or-spelling
Alle democraten zouden on zijn onmiddellijke, onvoorwaardelijke vrijlating moeten vragen.	0ed3549bac53c276966c35cb6138ab79b73eb163486403abd42eb425b9a20672	nl	grammar-or-spelling
Via de ben ik er vervolgens achter gekomen dat het voor februari geagendeerd is.	067b5f0a3f73b43473c96b6c29e2a6eb87d1902d00b072583a0b14f8214fb2bb	nl	grammar-or-spelling
Via de ben ik er vervolgens achter gekomen dat het voor februari geagendeerd is.	067b5f0a3f73b43473c96b6c29e2a6eb87d1902d00b072583a0b14f8214fb2bb	nl	grammar-or-spelling
Hebt u daar dan een veilig gevoel bij?	13227c81947af0e93c8a800dbcba751588dfdc92a1cb706dc166953c5e2cde60	nl	grammar-or-spelling
Ook hiervoor is de eenvoudige etikettering van wezenlijk belang.	1130e09600081d85e9ca0d72b8cf958e138e59c48b5de883375836ae5a73e40f	nl	difficult-pronunciation
Wij gaan dat het samen doen.	136559610ec3741c0e6c8a499af876934156c85e95a4046b58dec7fadf0ed9bc	nl	grammar-or-spelling
Deze mensen hebben meer nodig dan" words.	084c7adcecf7d5a2a7972e14b3ad6e2438bc7c344d04c1a3767639e929aebc03	nl	grammar-or-spelling
Deze maatregelen zijn helaas nodig omdat de islam de vrije wereld bedreigt.	13510af618031525765c4aa8d0e80bb7f7be3674fccc5412650aaf470eb3b6a6	nl	offensive-language
Alle democraten zouden on zijn onmiddellijke, onvoorwaardelijke vrijlating moeten vragen.	0ed3549bac53c276966c35cb6138ab79b73eb163486403abd42eb425b9a20672	nl	grammar-or-spelling
Wij zijn altijd bereid op verschillende manieren ons engagement te tonen.	13e23d4647b2fde88fc8371d11c9e581f72dc999c42d6a137bdc55ac1ddac3f1	nl	Opname blijft te zacht. Ik moet schreeuwen tegen mn telefoon...
Via de ben ik er vervolgens achter gekomen dat het voor februari geagendeerd is.	067b5f0a3f73b43473c96b6c29e2a6eb87d1902d00b072583a0b14f8214fb2bb	nl	grammar-or-spelling
Voor een aanzienlijke deel belanden deze gelden bij bureaucratische tussenpersonen.	1540e164e653d45786b4fd2135d39406dde8654d7f50d288992d5f822cb816b8	nl	grammar-or-spelling
Via de ben ik er vervolgens achter gekomen dat het voor februari geagendeerd is.	067b5f0a3f73b43473c96b6c29e2a6eb87d1902d00b072583a0b14f8214fb2bb	nl	grammar-or-spelling
Wij worden op dit moment geconfronteerd met massale met alle bijeffecten van dien.	136940a5a0af07769a5dee375b0f08708dd04fa065c6577eb9da7eb4846ee629	nl	grammar-or-spelling
Dit heel duidelijk op basis van de principes van subsidiariteit en proportionaliteit.	1575752e3bae69c907c843e985a54d7d2bfe0e58c6c4d998107594fad543faf3	nl	grammar-or-spelling
Ik heb getracht die te op te vullen met mijn amendementen op het verslag.	1416f013263b63f3f0957fe8a7bf76a7d49c1f807051ae995db80e5809164517	nl	grammar-or-spelling
Via de ben ik er vervolgens achter gekomen dat het voor februari geagendeerd is.	067b5f0a3f73b43473c96b6c29e2a6eb87d1902d00b072583a0b14f8214fb2bb	nl	grammar-or-spelling
Ik wil nog iets zegen over gelijk loon.	1646bed0881513bc5aacb19fa600c3449c19dd34553bf6f92bd3379d2e1ded81	nl	grammar-or-spelling
De volgende stap isdeelname aan de eurozone.	1830f1670328da21ed2e41171250f619d48d3828c60d8466bc942274479d9ed5	nl	grammar-or-spelling
In dit verband verdient de rapporteur onze gelukwensen voor met haar goede werk.	18705061d61ec8db02698cc86b9b6638e50857fb65909c749d602ca32de0f1b0	nl	grammar-or-spelling
In september zal de dan weer vergaderen om dat rapport te bespreken.	183e23f715da4efb9282dd9caf4134199cf7a04285e9623e9051822770235aa4	nl	grammar-or-spelling
Het spreekt vanzelf dat u daarvoor kunt u rekenen op mijn totale inzet.	17f9e7e8f7d0a1fd5e133f8ac73d22664d59880442c0d0dedf6adf57b9891c56	nl	grammar-or-spelling
Deze tekst bevat een hele waslijst uiterst immigratiebevorderende en ondermijnende voorstellen.	18069ebcad1ba202cfc14b644daf24066b70846bf5aa32e7a294385175e8879c	nl	difficult-pronunciation
In september zal de dan weer vergaderen om dat rapport te bespreken.	183e23f715da4efb9282dd9caf4134199cf7a04285e9623e9051822770235aa4	nl	grammar-or-spelling
Ik met het met de geachte afgevaardigde eens.	1940553484a9b58259716129644cd4d27d1fb9fd35ccee69b942f809ad01bb46	nl	grammar-or-spelling
We kunnen de natuur niet beschermen door er een muur omheen zetten.	19f40ab4912ecb44d1671729e51df58b8432948be5e121618ce4b0a2d31912b8	nl	grammar-or-spelling
Dat is voor de vooruitgang een sine qua non .	18b863281528a5b268c4d963a4ea2b9390efc7226012d41c3f4790fb4e67af29	nl	different-language
Op dat punt zijn er nog tekortkomingen.	193cf65dd9f8df181f77d79f184b2fca21e850b93c5b21f95c613d1eb026ea81	nl	De voorgestelde zinnen kunnen niet goed worden uitgesproken in de eigen taal of dialect omdat ze daarin niet voorkomen. De zinnen zouden anders worden geformuleerd. Zo komt de echte spreektaal niet tot zijn recht. En blijft alleen Nederlands gesproken met
Nalaten deze problemen aan te pakken zou verschrikkelijk fout zijn.	1a6283dced30a6ac082ec3cc48f324e945a3ed65c26b06d4b684b6239824c150	nl	grammar-or-spelling
Ik met het met de geachte afgevaardigde eens.	1940553484a9b58259716129644cd4d27d1fb9fd35ccee69b942f809ad01bb46	nl	grammar-or-spelling
In de eerste plaats wil het over het vochtgehalte van granen hebben.	1aa7362e597bd93c2eb7314870c50183a6a47907f77abdf858f04e320c6a8c61	nl	grammar-or-spelling
Ik zal ze een voor een kort bespreken.	19f07e84645fb2f924321da414aca0644018f21bffcf963f1a2a47a8051d7ae3	nl	grammar-or-spelling
Dit is dan ook een van de doelstellingen van het programma.	19b2c669592c433c688948a7da9a051021a7415a8588cdef5a45adf7c5017441	nl	grammar-or-spelling
Altijd zijn beide opties mogelijk en niet slechts een.	1b38546aa01b33030f865854a4d49d865232ee53ae315fdbc9d7586b63146fcd	nl	grammar-or-spelling
Samen zullen wij in de strijd tegen het terrorisme overwinnen.	1bc4cf06ea182dbca034c5b0609e19fe4e17b76d5bc18c0536b7ecd1597d76e2	nl	grammar-or-spelling
Dat is voor de vooruitgang een sine qua non .	18b863281528a5b268c4d963a4ea2b9390efc7226012d41c3f4790fb4e67af29	nl	different-language
Ik verwelkom het vooral dat een van de prioriteiten van volgend jaar klimaatverandering is.	1bf23cd6803351371a4cb3331a537bcc343db2d848df978611b596fab245660a	nl	grammar-or-spelling
Zijn verklaringen van gisterenwaren aanzienlijk duidelijker en zinniger.	1bcd53165316adef5b1e228c582c982012ebf2555dc41d9c28816a1699cc2d55	nl	grammar-or-spelling
Dat is voor de vooruitgang een sine qua non .	18b863281528a5b268c4d963a4ea2b9390efc7226012d41c3f4790fb4e67af29	nl	different-language
Ik zou daar het een en ander over willen zeggen.	1bbea34d785a160fdab18afaefa573b191ca6c4a3e0bb4688b310caa1d9b7f3a	nl	grammar-or-spelling
Dat is voor de vooruitgang een sine qua non .	18b863281528a5b268c4d963a4ea2b9390efc7226012d41c3f4790fb4e67af29	nl	grammar-or-spelling
U werkt niet in afzondering.?	1c868334bde2f8fd15a334e1a02a17cec6f070f18af10f45ba6b0ebbdb1b45fe	nl	grammar-or-spelling
Dat is voor de vooruitgang een sine qua non .	18b863281528a5b268c4d963a4ea2b9390efc7226012d41c3f4790fb4e67af29	nl	different-language
Ik zou daar het een en ander over willen zeggen.	1bbea34d785a160fdab18afaefa573b191ca6c4a3e0bb4688b310caa1d9b7f3a	nl	grammar-or-spelling
Dat is voor de vooruitgang een sine qua non .	18b863281528a5b268c4d963a4ea2b9390efc7226012d41c3f4790fb4e67af29	nl	different-language
De democratie is gebaat bij pluriformiteit van de media-eigendom.	1c8d7b361abaeef00a012d2576317ce2f04e351402f6da8f735bf9088b0218b4	nl	grammar-or-spelling
Laten wij hier niet vooruitlopen op de uitkomst van dat debat.	1d2a478eed654db85d1d7633dd061372d57fd2da90a73eb0ac6919f7d984433e	nl	difficult-pronounce
De ziekte blijf een bedreiging, daarom moeten we waakzaam blijven!	1d08685aad7fb46b3ba082dfcea0368197efe7b6a46a8b295039f03dd74ea72c	nl	grammar-or-spelling
Film en filmen zijn niet alleen kunst en amusement.	1df19e5c327b014b0c736121870fa19c8b9f0ca644dcf8bbe4cc424a4a97d1fa	nl	grammar-or-spelling
In dat verband moet ook het gebruik van de worden aangemoedigd.	20c8d70fda8d51ca9e4c5498018bd7fc0e0b3d0eaf3bdb30e5d686f7361c78e4	nl	grammar-or-spelling
Het is eerste punt betreft de euro.	216c4ab2052e9841df97e9b42ffb0799ac2fe8f6368f3b823bc2aca3cba32b06	nl	grammar-or-spelling
De van de afgelopen maanden hebben aangetoond dat we daar iets aan moeten doen.	2138118e05b29a5686e899742488ef02e06794a8d3a916c8cd7096942b80c776	nl	grammar-or-spelling
Dan weten wij hoe met dat derde punt staat.	21b70df68454ed24f171a51279df2ad584021f878376d35f34a74297501be3c2	nl	grammar-or-spelling
Daarvoor is nodig betere controle waarbij apparatuur die fraudebestendig is, kan helpen.	221a6b4adeafb3e6ed1a20227861edd4f7c4067cb0564927a1f69e4365ec2aca	nl	grammar-or-spelling
Waarom zou hij niet, als hij voor minder productie hetzelfde geld kan opstrijken?	21f93a23ab132edc8a7a8bce4d54f09d84e87c759b798c3ab184fc11dd233908	nl	grammar-or-spelling
Het functioneren van deze ratingbureaus moet aan regels worden onderworpen.	217e74db8fef5ecec1e33dc75a4b7e61cf43dc3e5d75e8af8a8d5d8ec615b5ab	nl	Microfoonteken ontbreekt
Dit gezegd zijnde is het wenselijk stapsgewijze te werk te gaan.	22edaf4e7afe7a70725d58bc657c48ad5d54e1c5645fb4ced986c5880f787ab7	nl	grammar-or-spelling
De landbouw kan niet zonder mee gelijk worden gesteld met andere economische activiteiten.	22ebe4f08299c31d905d084d03c6fa63f237e3c16297392385129bd34cfc57a9	nl	grammar-or-spelling
Het loont de moeite een dergelijke dappere uitspraken nogmaals te herhalen.	22d51460efaa772ea6b556cedceba05aaf69283830e46ea23a27f03ffc4c9b47	nl	grammar-or-spelling
Dit zijn allemaal redenen waarom ik voor het verslag gestemd hebben.	24cee83f4c15be09e80cb6ec949fc49f74ec600d92aa0c1be3d59ab51e125483	nl	grammar-or-spelling
Ik heb geen verificatie ontvangen van de twee mensen die hebt genoemd.	253011081ca9f89885da85ea569519a9db796a83ce453646f0bdcb15302ba1a9	nl	grammar-or-spelling
Het loont de moeite een dergelijke dappere uitspraken nogmaals te herhalen.	22d51460efaa772ea6b556cedceba05aaf69283830e46ea23a27f03ffc4c9b47	nl	grammar-or-spelling
De landbouw kan niet zonder mee gelijk worden gesteld met andere economische activiteiten.	22ebe4f08299c31d905d084d03c6fa63f237e3c16297392385129bd34cfc57a9	nl	grammar-or-spelling
Het verslagen de resolutie bevatten drie aspecten die ik graag wil bespreken.	266f26b23a60aa2e0487951879acb45adab9cdaf07a70c9190fd3f692612f041	nl	grammar-or-spelling
Op is er in uw verklaringen echter sprake geweest van een dergelijke zone.	279b5c216ed68dbf4f6a72048fe2ef4ce9dba9b22acf598d4276a2ea98052c25	nl	grammar-or-spelling
Ik heb geen verificatie ontvangen van de twee mensen die hebt genoemd.	253011081ca9f89885da85ea569519a9db796a83ce453646f0bdcb15302ba1a9	nl	grammar-or-spelling
Het verslagen de resolutie bevatten drie aspecten die ik graag wil bespreken.	266f26b23a60aa2e0487951879acb45adab9cdaf07a70c9190fd3f692612f041	nl	grammar-or-spelling
Het loont de moeite een dergelijke dappere uitspraken nogmaals te herhalen.	22d51460efaa772ea6b556cedceba05aaf69283830e46ea23a27f03ffc4c9b47	nl	grammar-or-spelling
Op is er in uw verklaringen echter sprake geweest van een dergelijke zone.	279b5c216ed68dbf4f6a72048fe2ef4ce9dba9b22acf598d4276a2ea98052c25	nl	grammar-or-spelling
Ik heb geen verificatie ontvangen van de twee mensen die hebt genoemd.	253011081ca9f89885da85ea569519a9db796a83ce453646f0bdcb15302ba1a9	nl	grammar-or-spelling
Dit deugt niet en het zorg ervoor dat mensen hun baan kwijtraken.	2bd33903c332ee2efa605b8ae37f11a42277b60c3011eea207a85b9cac8ad5b0	nl	grammar-or-spelling
Gaat om het om een intersectorale balans?	2c06ab129749c9d3230876a43ed8862091b52b4377729054c7574076b84478c9	nl	grammar-or-spelling
De en andere maatregelen werken niet.	2c262ee0242c73ff98fd4032279d2cd2eba742ddd33f73d821498a5ad67ef719	nl	grammar-or-spelling
Het is ontzettend belangrijk dat we ...	293a177859aecb4b6fe8dae49068fec4f16c01a0ea062d60dbfc1c7cb928e5a3	nl	halve zin
Ik zou graag een antwoord op deze vraag willen?	2c878a12438d8aa9e56a0388c19cbac5502b7f44864a5d0462264a19f57daf6d	nl	grammar-or-spelling
Dit deugt niet en het zorg ervoor dat mensen hun baan kwijtraken.	2bd33903c332ee2efa605b8ae37f11a42277b60c3011eea207a85b9cac8ad5b0	nl	grammar-or-spelling
Ik vindt dat haast niet te geloven.	2d133ad10e45b0a87b41c522f93f99c2215cee38d35542a5c418d79cc986bd36	nl	grammar-or-spelling
Op die manier kon ik over het hek komen om met hen te praten.	2e3a9ca3e10b125f4500a3725214ea306a2079514183fe3ae73cc2a2ac322fdf	nl	geen problemen, maar ik zou geschreven tekst ontvangen en ik zie niks
Het verslag-Lambert kan ik niet ondersteunen.	2fa87b689cc2d149164540291b501e30fbc65b005dcf48c2e562be99495390fa	nl	grammar-or-spelling
Een verbod op alcoholreclame weerhoudt mensen er niet van te drinken.	3006d0857b87bb91c2f7afc9e621316ea8a0789d4c71773bba19d196559e4c86	nl	grammar-or-spelling
De idee van twee culturele hoofdsteden lijkt een billijke optie.	30c449c54ac8a5b85eb513afdd3185eca874f96d6940e557fe46a3042ebc1f49	nl	grammar-or-spelling
Wat we nu zien draagt daartoe volgens ons niet bij.	309c5291562b6b28f7d262d4d7e232e2a0c6f7326cb70101211937dc28495852	nl	grammar-or-spelling
Dit betekent dat de in een volgend deelstaatparlement vertegenwoordigd is.	314f9ecaf8a19302b8ee8a0a3ea4a59aabae6213d5ab27dd69afda0d4f84dc01	nl	grammar-or-spelling
Wat we nu zien draagt daartoe volgens ons niet bij.	309c5291562b6b28f7d262d4d7e232e2a0c6f7326cb70101211937dc28495852	nl	different-language
Ik raad deze reis echt af.	320c7c0864745106d38c1437a25885d0c7c7b884408d997370e1910efa8e5e29	nl	offensive-language
Daarin stelt hij bepaalde inhoudelijke voorwaarden om onafhankelijkheid bereiken.	31eed8f23d83bccf293f18ff4eb7cbf82c28e74f364fc4a5664d9120b8824c29	nl	grammar-or-spelling
Ik verzoek u met het verslag aan te nemen.	3228add7b64f6208df080e79269b6ee93e62530446ecf7bcd1acb070980e987c	nl	grammar-or-spelling
Er moeten nodig maatregelen worden genomen en wel nu.	322fd3d690b5bcf4bcd9403d17691fc05a936c089b0bff0c5158f287ef4e109a	nl	grammar-or-spelling
Ik vind het vreemd dat dit als iets bijzonders moet worden vastgesteld.	3218f62c1fa1f2d98228292bcdd4ed3ca38993723d0ae688e9f76fff784f92ed	nl	different-language
Ik vind het vreemd dat dit als iets bijzonders moet worden vastgesteld.	3218f62c1fa1f2d98228292bcdd4ed3ca38993723d0ae688e9f76fff784f92ed	nl	difficult-pronounce
Wereldwijd is de aquacultuur een van de snelst groeiende voedselsectoren.	32b52f125e544bb723253bb7fdf1602e727caa6817fcf91e389e1e6729516b11	nl	grammar-or-spelling
Dat vergt een aanzienlijke wederzijdse inspanning, een oprecht dienen van elkaar.	32c323ad2502b7375623ee6b11557ab7d8b69dd37431314c7c46549e43e736bc	nl	grammar-or-spelling
Mensen die onder arrest staan, hebben niet de mogelijkheid bij hoorzittingen aanwezig te zijn.	32c81707dc5396468135b160a59c9ee7674b4435f50f913d5fe9e754db73ea6e	nl	offensive-language
Mensen die onder arrest staan, hebben niet de mogelijkheid bij hoorzittingen aanwezig te zijn.	32c81707dc5396468135b160a59c9ee7674b4435f50f913d5fe9e754db73ea6e	nl	grammar-or-spelling
Met het oog op wat voor soort economie?	331fe17af55163a388794c30c53a4e1017cc064628a92540584f51760dd9f979	nl	na inspreken krijg ik altijd 'te zacht'.
Alles staat op maximum!
Daarin stelt hij bepaalde inhoudelijke voorwaarden om onafhankelijkheid bereiken.	31eed8f23d83bccf293f18ff4eb7cbf82c28e74f364fc4a5664d9120b8824c29	nl	grammar-or-spelling
De eerste jaren was het programma grotendeels afhankelijk van producten uit de interventievoorraden.	33eb94a4b54f2849c9874061f42928174cbab78fb4cc5b7e1e11a5563a99a297	nl	grammar-or-spelling
De eerste jaren was het programma grotendeels afhankelijk van producten uit de interventievoorraden.	33eb94a4b54f2849c9874061f42928174cbab78fb4cc5b7e1e11a5563a99a297	nl	different-language
Overigens zijn wij van plan onze inspanningen in die richting voort te zetten.	33e067064b410acf90766fe794afe1e7d0dea1efd7adfb2d3ed553e7a9117b95	nl	different-language
Overigens zijn wij van plan onze inspanningen in die richting voort te zetten.	33e067064b410acf90766fe794afe1e7d0dea1efd7adfb2d3ed553e7a9117b95	nl	https://www.google.com
Vandaag is het de realiteit, is die politieke wil er echt.	33a9ed1b5c0728168f0146f24c2c17219229b05cf0a1944677e043bf2b6f781b	nl	offensive-language
Vandaag is het de realiteit, is die politieke wil er echt.	33a9ed1b5c0728168f0146f24c2c17219229b05cf0a1944677e043bf2b6f781b	nl	different-language
Vandaag is het de realiteit, is die politieke wil er echt.	33a9ed1b5c0728168f0146f24c2c17219229b05cf0a1944677e043bf2b6f781b	nl	difficult-pronunciation
Laten we de handen uit de mouwen steken!	33b284c0d6afb19db39f10f6164c17e7634b58762da14cde3b08f4ca2bf59c93	nl	different-language
Onbeheerst doorgaan waarmee ben begonnen is.	05d0e8dd6df025eef1e1397b6d753788faaf9fb3df587908ce8dadaa253c7e7e	nl	grammar-or-spelling